longitude,latitude,magnitude,time
29.0815,40.7328,3.2431,2024-01-25 17:30:01
26.0313,39.6,3.0002500000000003,2024-01-25 23:25:46
28.8663,40.4215,3.0812,2024-01-26 05:15:27
28.125,40.7395,3.16215,2024-01-26 12:21:56
27.3842,40.7607,3.5669,2024-01-26 22:21:46
28.8502,40.4265,3.97165,2024-01-27 02:19:47
28.8535,40.4313,3.97165,2024-01-27 03:17:36
28.8557,40.4312,3.64785,2024-01-27 03:27:46
28.8332,40.4143,3.5669,2024-01-28 15:15:20
28.869,41.4785,3.2431,2024-01-29 06:19:27
28.8852,40.4213,3.16215,2024-01-29 14:31:00
28.5312,41.4777,3.0002500000000003,2024-01-30 02:38:12
28.8743,40.445,3.4,2024-01-30 17:55:08
28.848,40.4082,3.97165,2024-01-31 10:17:30
26.2182,39.6548,3.4859500000000003,2024-01-31 11:53:41
28.8692,40.4183,4.0526,2024-01-31 12:48:35
28.8747,40.4145,3.0812,2024-02-03 10:51:48
26.3827,39.613,3.0812,2024-02-03 16:15:19
26.378,39.6103,3.0002500000000003,2024-02-03 16:24:18
28.8312,40.4127,3.0002500000000003,2024-02-03 19:47:10
26.3562,40.4792,4.13355,2024-02-04 00:10:54
27.0203,40.2853,3.0,2024-02-04 04:17:52
27.0318,40.2985,3.405,2024-02-05 15:40:04
27.1063,40.519,3.0002500000000003,2024-02-08 00:36:39
27.0238,40.2975,3.2431,2024-02-12 11:13:09
27.034,40.292,3.5669,2024-02-12 11:53:50
27.0307,40.2887,3.2431,2024-02-12 11:55:29
27.0337,40.29,3.0002500000000003,2024-02-12 12:14:29
27.0135,40.2955,3.0002500000000003,2024-02-12 12:23:35
27.0227,40.2923,3.2431,2024-02-12 13:05:32
27.0407,40.3018,3.0812,2024-02-12 13:11:04
27.0248,40.2893,3.4859500000000003,2024-02-12 13:16:32
27.0305,40.3073,3.0812,2024-02-12 13:32:41
27.019,40.2947,3.0002500000000003,2024-02-12 13:33:48
27.0343,40.295,3.2431,2024-02-12 13:43:38
27.0263,40.2962,3.32405,2024-02-12 13:48:44
27.0458,40.2998,3.4859500000000003,2024-02-12 14:56:39
27.0342,40.3028,3.0812,2024-02-12 15:23:36
27.0288,40.2912,3.0002500000000003,2024-02-12 17:25:59
25.6323,39.8162,3.64785,2024-02-12 17:26:25
27.0778,40.1942,3.405,2024-02-12 20:11:25
27.0362,40.3028,3.16215,2024-02-12 20:11:53
27.0228,40.2925,3.16215,2024-02-12 23:52:20
27.0193,40.2993,3.0002500000000003,2024-02-13 01:52:39
27.564,40.597,3.0,2024-02-13 12:25:01
29.376,40.3053,3.7288,2024-02-13 17:09:50
27.0217,40.296,3.0002500000000003,2024-02-13 18:52:32
27.027,40.2977,3.16215,2024-02-13 20:24:40
27.0228,40.2925,3.80975,2024-02-13 20:28:20
27.0243,40.298,3.16215,2024-02-13 20:38:13
28.3208,40.835,3.2431,2024-02-13 23:43:41
27.0273,40.2988,3.4859500000000003,2024-02-14 02:37:38
27.0115,40.306,3.405,2024-02-15 08:56:38
27.0355,40.2793,3.405,2024-02-16 01:06:53
27.023,40.2752,3.16215,2024-02-16 01:10:16
27.0268,40.2772,4.0526,2024-02-16 01:54:55
27.0398,40.2793,3.4859500000000003,2024-02-16 04:11:56
27.03,40.2767,3.32405,2024-02-16 21:17:20
27.029,40.283,3.0002500000000003,2024-02-16 21:29:41
27.5293,40.3038,4.3764,2024-02-17 02:42:05
27.5232,40.3135,3.16215,2024-02-17 03:25:02
27.0383,40.263,3.0812,2024-02-17 10:31:30
28.1217,40.8488,3.2431,2024-02-17 20:59:31
29.2583,40.5638,3.16215,2024-02-17 22:46:41
27.0353,40.2803,3.32405,2024-02-18 01:09:39
29.192,40.4742,4.295450000000001,2024-02-19 07:45:57
29.2003,40.4697,3.0002500000000003,2024-02-19 07:52:15
27.6078,40.0158,3.2431,2024-02-19 16:53:38
27.0318,40.281,3.5669,2024-02-20 06:06:26
27.0392,40.2778,3.16215,2024-02-21 18:03:45
27.037,40.2795,3.2431,2024-02-21 22:34:41
27.0328,40.266,3.4859500000000003,2024-02-22 16:56:07
27.0435,40.2698,3.0812,2024-02-23 02:54:49
27.0392,40.277,3.64785,2024-02-23 03:00:02
27.0343,40.2888,3.16215,2024-02-23 03:24:15
27.5093,40.2723,3.32405,2024-02-23 06:21:19
29.172,40.4087,4.619249999999999,2024-02-23 12:14:32
27.4273,40.1662,3.64785,2024-02-23 17:04:19
27.035,40.2795,3.16215,2024-02-23 19:12:59
29.2,40.4733,3.32405,2024-02-23 23:48:34
29.199,40.4715,4.0526,2024-02-25 13:43:52
29.207,40.4798,3.32405,2024-02-25 18:58:00
27.6623,40.3712,3.0812,2024-02-26 05:50:58
27.66,40.3502,3.0812,2024-02-26 09:03:12
27.0072,40.303,4.94305,2024-02-27 13:09:53
27.0157,40.2967,3.2431,2024-02-27 13:16:03
27.0325,40.296,3.7288,2024-02-27 13:31:00
27.0272,40.3043,3.0002500000000003,2024-02-27 14:04:13
27.0305,40.2905,3.7288,2024-02-27 16:29:01
27.0265,40.2927,3.64785,2024-02-27 17:31:42
27.014,40.2938,4.45735,2024-02-27 19:52:33
27.0042,40.2937,3.4859500000000003,2024-02-27 19:57:34
27.008,40.2908,3.405,2024-02-27 20:10:50
27.038,40.3048,3.16215,2024-02-27 21:45:39
27.0173,40.294,3.4859500000000003,2024-02-27 23:33:21
27.022,40.3027,3.0812,2024-02-28 03:53:00
27.0277,40.3278,3.0812,2024-02-28 06:26:26
27.0362,40.3168,3.0002500000000003,2024-02-28 08:39:45
27.6443,40.3297,3.0812,2024-02-28 15:18:53
27.0185,40.2995,3.16215,2024-02-28 21:51:10
27.0245,40.2968,3.4859500000000003,2024-03-01 12:05:03
27.024,40.3003,3.5669,2024-03-01 12:05:19
30.3512,39.8678,3.64785,2024-03-01 13:03:03
28.8582,40.2022,3.0002500000000003,2024-03-01 14:54:52
26.3577,40.4808,3.32405,2024-03-02 01:01:26
27.0185,40.2942,3.0812,2024-03-02 01:45:35
27.0212,40.2992,3.16215,2024-03-02 03:02:53
27.5127,40.7103,3.64785,2024-03-02 06:16:51
27.4548,40.3613,4.0526,2024-03-02 09:23:31
25.8313,40.3722,3.0002500000000003,2024-03-02 14:10:47
25.831,40.3578,3.0002500000000003,2024-03-02 14:11:43
27.0047,40.2853,3.0812,2024-03-02 23:29:37
27.0213,40.2983,3.2431,2024-03-03 05:42:58
27.9992,40.8055,3.0812,2024-03-03 10:48:56
27.0222,40.2975,3.0002500000000003,2024-03-04 02:10:47
27.0195,40.3005,3.16215,2024-03-04 11:18:58
27.4427,39.9817,5.26685,2024-03-04 18:38:55
28.7797,40.8562,3.0002500000000003,2024-03-06 15:52:13
27.0098,40.3015,3.4859500000000003,2024-03-07 08:07:25
28.8513,40.4157,3.4859500000000003,2024-03-07 18:15:55
27.0132,40.302,3.4859500000000003,2024-03-09 18:25:49
29.9625,40.452,3.64785,2024-03-10 03:13:22
26.202,39.655,3.2431,2024-03-10 17:32:48
26.2333,40.4207,3.5669,2024-03-11 20:19:11
27.01,40.3165,4.13355,2024-03-12 19:59:19
27.8672,39.6573,3.80975,2024-03-13 14:57:56
26.998,40.3802,3.0002500000000003,2024-03-14 06:34:31
27.0163,40.2993,3.405,2024-03-17 09:04:34
27.5378,40.7103,3.2431,2024-03-17 13:14:12
28.852,40.4187,3.0002500000000003,2024-03-18 08:05:24
28.84,40.4077,3.16215,2024-03-18 10:02:30
28.8365,40.4095,3.16215,2024-03-18 19:27:19
28.7607,39.653,4.295450000000001,2024-03-19 04:43:28
28.7673,39.6492,3.16215,2024-03-19 13:42:36
27.0222,40.3112,3.4859500000000003,2024-03-19 18:36:40
29.2288,40.6773,4.295450000000001,2024-03-20 06:21:01
27.0207,40.3063,3.16215,2024-03-20 14:03:37
28.7753,39.6315,3.0002500000000003,2024-03-20 18:04:18
28.7738,39.6525,4.2145,2024-03-20 22:24:30
28.7708,39.629,3.16215,2024-03-20 23:20:18
28.7637,39.6287,3.32405,2024-03-21 05:48:54
26.182,39.6788,3.0002500000000003,2024-03-21 11:24:14
28.7705,39.6487,3.80975,2024-03-21 13:37:03
28.7695,39.644,4.619249999999999,2024-03-21 19:20:40
28.7492,39.6278,3.0002500000000003,2024-03-21 20:23:59
28.7715,39.6482,3.7288,2024-03-22 02:08:02
29.9793,40.1287,3.64785,2024-03-22 02:45:15
26.1603,40.3035,3.16215,2024-03-22 12:09:20
28.8047,39.6392,3.0812,2024-03-23 12:08:09
28.758,39.6428,3.8907,2024-03-23 17:17:38
26.147,40.3132,3.2431,2024-03-24 16:39:59
27.8462,40.2473,3.0812,2024-03-25 17:22:38
28.773,39.6557,3.16215,2024-03-27 05:52:13
29.0082,40.2962,4.0526,2024-03-27 07:21:35
29.186,40.688,3.16215,2024-03-27 07:29:18
27.6487,40.3243,3.405,2024-03-28 01:06:46
27.0207,40.3095,3.7,2024-03-31 09:33:13
27.0432,40.3483,3.405,2024-03-31 14:05:12
27.0263,40.291,3.0002500000000003,2024-03-31 20:40:43
28.8455,40.4043,3.0002500000000003,2024-03-31 22:06:17
28.924,39.6212,3.0002500000000003,2024-04-01 08:58:01
27.4192,40.576,3.16215,2024-04-01 19:47:10
27.0242,40.309,3.16215,2024-04-03 19:07:06
30.1172,40.5715,3.0002500000000003,2024-04-03 22:59:31
26.362,40.4895,3.16215,2024-04-05 16:38:42
27.025,40.2958,3.80975,2024-04-07 04:22:47
27.0207,40.298,3.2431,2024-04-07 09:03:23
27.436,39.614,3.2431,2024-04-07 13:07:37
25.7245,39.704,3.4859500000000003,2024-04-09 02:06:30
29.176,40.455,3.32405,2024-04-09 12:24:17
27.3737,39.896,3.4859500000000003,2024-04-11 13:29:17
28.566,40.6745,3.0812,2024-04-11 13:56:27
28.8765,40.4132,3.16215,2024-04-13 03:31:15
28.7647,39.6333,4.0526,2024-04-13 20:49:23
27.0438,40.288,3.2431,2024-04-17 04:09:43
27.036,40.2865,3.0002500000000003,2024-04-17 04:13:14
27.042,40.293,3.0812,2024-04-17 08:45:19
25.8765,40.3467,3.16215,2024-04-18 06:50:41
25.7055,39.7013,3.16215,2024-04-19 01:22:00
26.1102,40.3983,3.0002500000000003,2024-04-20 04:05:58
29.2263,39.6205,3.2431,2024-04-21 10:07:17
29.1577,40.4303,4.0526,2024-04-22 00:57:19
28.8363,40.3977,3.64785,2024-04-24 18:17:40
28.865,40.3725,3.0812,2024-04-26 06:27:06
29.9192,39.9983,3.4859500000000003,2024-04-27 06:38:25
28.8432,40.4117,3.405,2024-04-28 08:14:27
27.614,40.7313,3.4859500000000003,2024-04-29 02:55:54
28.8677,40.4022,3.0812,2024-04-29 05:15:02
28.858,40.4247,3.16215,2024-04-30 14:20:13
28.847,40.4217,3.0002500000000003,2024-05-02 16:50:51
28.8468,40.4213,3.0002500000000003,2024-05-02 17:14:23
28.819,40.4108,3.32405,2024-05-02 22:34:55
29.0123,40.6267,3.5669,2024-05-04 03:25:26
26.9983,40.2972,3.0002500000000003,2024-05-07 22:00:58
29.0907,40.6383,3.0812,2024-05-11 21:03:57
27.5882,39.8367,3.32405,2024-05-13 04:30:02
28.7962,40.4477,3.5669,2024-05-13 09:38:57
29.0948,40.6415,3.0002500000000003,2024-05-14 03:54:25
27.8868,40.7708,3.16215,2024-05-17 18:28:41
27.7142,40.3467,3.2431,2024-05-18 08:52:21
30.3518,39.7763,3.0812,2024-05-19 17:06:06
27.0248,40.3785,3.0002500000000003,2024-05-19 19:08:30
27.8365,39.6645,3.0812,2024-05-20 02:16:05
27.025,40.2267,3.4859500000000003,2024-05-20 17:16:15
27.35,39.938,3.2431,2024-05-23 04:42:51
26.1108,40.4137,3.0002500000000003,2024-05-24 06:00:41
26.1632,40.4832,3.16215,2024-05-24 11:12:58
27.4982,40.6978,3.32405,2024-05-25 00:02:16
29.9623,40.4457,3.0002500000000003,2024-05-26 11:38:38
28.9528,39.8982,3.16215,2024-05-26 13:58:12
28.3245,40.8375,4.295450000000001,2024-05-26 21:38:18
30.3838,39.8267,3.16215,2024-05-28 06:45:23
30.655,40.0457,3.16215,2024-05-28 09:59:02
27.1952,40.3993,3.0002500000000003,2024-05-28 12:01:04
26.9788,40.2007,3.64785,2024-05-28 18:42:36
30.0402,40.7587,3.16215,2024-05-29 16:48:12
30.0378,40.7575,3.64785,2024-05-31 00:43:51
27.032,40.2535,3.8907,2024-05-31 06:32:09
28.87,40.395,3.7288,2024-06-02 03:59:51
27.1788,40.5353,3.0812,2024-06-02 09:52:13
27.7828,40.6245,3.0002500000000003,2024-06-02 13:57:29
30.4097,39.8228,3.2431,2024-06-03 14:17:44
28.7928,40.4147,3.405,2024-06-04 05:38:28
27.5087,40.706,3.2431,2024-06-05 01:10:25
28.7855,39.6223,3.0002500000000003,2024-06-05 17:05:45
26.307,40.5253,3.0002500000000003,2024-06-06 00:13:11
28.0395,40.4188,3.32405,2024-06-06 21:54:46
28.5645,39.6413,3.0002500000000003,2024-06-07 06:25:14
28.8073,40.5918,3.405,2024-06-07 09:41:34
28.8555,40.419,3.64785,2024-06-08 22:51:35
28.8775,40.4188,3.0002500000000003,2024-06-09 05:27:36
28.6987,40.8322,3.2431,2024-06-09 23:12:13
27.6103,40.3287,3.0812,2024-06-10 05:32:23
25.7383,39.6483,3.0002500000000003,2024-06-11 04:37:52
25.741,39.6637,3.4859500000000003,2024-06-11 06:28:43
27.667,40.3472,3.16215,2024-06-11 09:01:07
25.7335,39.6375,3.16215,2024-06-11 11:20:03
27.203,40.1182,3.16215,2024-06-11 14:12:49
27.6082,40.3693,3.0002500000000003,2024-06-12 16:42:00
27.11,40.3645,4.5383,2024-06-13 08:27:13
27.1605,40.3887,3.2431,2024-06-14 11:44:10
28.7827,39.6622,3.16215,2024-06-15 07:55:06
25.674,40.5815,3.2431,2024-06-16 10:38:03
27.4202,40.6968,4.13355,2024-06-17 14:18:58
27.4148,40.7115,3.4859500000000003,2024-06-17 15:07:42
27.4218,40.6998,3.16215,2024-06-18 00:15:33
27.4107,40.6992,3.0002500000000003,2024-06-18 18:59:44
28.9865,39.6783,3.405,2024-06-19 09:59:05
27.8773,39.6278,3.16215,2024-06-22 19:44:41
27.102,40.3578,3.7288,2024-06-25 23:29:20
28.8058,40.071,3.2431,2024-06-26 02:40:23
27.554,40.3623,3.4859500000000003,2024-06-27 08:03:29
27.754,40.0138,3.0002500000000003,2024-06-29 02:55:58
27.4953,40.7783,3.16215,2024-06-29 16:34:41
25.7407,41.5788,3.2431,2024-07-02 22:26:16
28.7403,40.8832,3.0812,2024-07-03 16:16:14
27.8882,39.6295,3.0812,2024-07-03 23:33:51
28.723,39.656,3.64785,2024-07-04 12:03:59
26.3353,40.4987,3.32405,2024-07-04 23:38:02
28.7608,39.6352,3.4859500000000003,2024-07-05 19:55:46
28.9273,41.248,3.0812,2024-07-07 13:42:25
28.8492,40.4068,3.16215,2024-07-07 14:23:21
28.6077,40.3902,3.80975,2024-07-11 22:50:02
28.9155,40.1953,3.0812,2024-07-13 14:52:15
27.4557,40.7745,3.4859500000000003,2024-07-16 05:54:03
28.9213,39.9243,3.16215,2024-07-17 18:48:27
26.9958,40.3003,3.0002500000000003,2024-07-18 06:38:46
27.1815,40.076,3.8907,2024-07-18 15:41:52
28.8922,40.199,3.8907,2024-07-18 17:29:19
28.882,40.2145,3.32405,2024-07-18 19:01:54
27.476,40.6635,4.700200000000001,2024-07-19 19:26:08
28.882,40.205,3.0812,2024-07-20 00:36:28
26.395,39.6782,5.26685,2024-07-22 14:39:22
26.3873,39.6793,3.405,2024-07-22 20:15:01
26.3852,39.6838,3.2431,2024-07-23 12:36:56
27.6412,40.0048,3.4859500000000003,2024-07-27 13:14:18
28.1912,40.8707,3.16215,2024-07-30 09:10:40
28.8103,40.5885,3.64785,2024-07-30 15:19:47
28.8143,40.5888,3.5669,2024-07-30 15:51:11
26.3685,39.6922,3.2431,2024-08-01 09:18:06
27.3985,40.1668,3.5669,2024-08-01 17:14:36
26.3915,39.6915,3.0002500000000003,2024-08-02 23:36:30
28.7602,39.8697,4.700200000000001,2024-08-03 02:05:34
27.4777,40.783,3.97165,2024-08-04 21:34:07
27.5085,40.7882,3.16215,2024-08-04 21:34:33
27.6447,40.787,3.2431,2024-08-05 02:52:32
27.5663,40.3723,3.2431,2024-08-05 15:04:55
27.9123,40.8412,3.0002500000000003,2024-08-06 10:00:53
27.4677,40.772,3.32405,2024-08-09 08:38:50
26.0163,39.6173,3.32405,2024-08-10 11:53:51
27.4758,40.7758,3.16215,2024-08-11 12:45:29
27.4822,40.7803,3.405,2024-08-11 12:56:45
27.0078,40.3862,3.405,2024-08-11 18:40:07
27.481,40.7817,3.0812,2024-08-12 02:24:55
27.5803,40.0507,3.2431,2024-08-12 05:18:15
25.8578,40.3832,3.16215,2024-08-14 06:13:24
28.9335,40.3943,4.3764,2024-08-15 03:20:30
28.9315,40.409,3.32405,2024-08-15 10:47:41
28.7692,39.6423,3.97165,2024-08-22 03:52:23
28.6667,40.7838,3.32405,2024-08-22 09:57:17
27.4992,40.789,3.0002500000000003,2024-08-24 05:47:20
27.4313,40.4162,3.4859500000000003,2024-08-26 14:11:41
29.121,40.637,3.64785,2024-08-26 16:24:50
27.4205,40.7522,3.16215,2024-08-29 02:45:06
28.6802,40.7932,3.0002500000000003,2024-08-30 11:20:07
27.129,40.3168,3.0002500000000003,2024-08-30 21:59:30
27.4345,40.019,3.0812,2024-08-31 10:50:45
27.018,40.3885,3.5669,2024-09-01 14:59:59
27.6147,39.722,3.2431,2024-09-02 12:44:24
28.8832,40.394,3.405,2024-09-03 11:24:43
27.4255,40.1647,3.64785,2024-09-04 04:38:10
27.4008,40.723,3.7288,2024-09-04 08:38:15
28.1262,40.4678,3.16215,2024-09-08 02:48:22
29.0913,40.632,3.2431,2024-09-08 03:45:36
27.9655,40.784,3.0812,2024-09-08 11:06:17
29.7363,39.7843,3.0812,2024-09-09 09:55:07
28.8732,40.3972,3.0812,2024-09-12 14:45:44
27.4285,40.7523,3.64785,2024-09-14 06:35:58
29.1072,40.7348,3.0812,2024-09-19 13:58:55
25.998,39.6137,3.0002500000000003,2024-09-19 16:46:41
27.6077,40.3198,3.0812,2024-09-20 07:32:40
28.3243,40.8757,3.2431,2024-09-21 13:15:11
27.4483,40.6717,3.4859500000000003,2024-09-21 23:36:54
30.4337,39.7742,3.0002500000000003,2024-09-22 14:24:51
27.456,39.6607,3.5669,2024-09-23 22:01:05
27.4577,39.663,4.5383,2024-09-24 01:20:21
27.4543,39.659,3.8907,2024-09-24 01:25:10
29.9385,40.7527,3.0002500000000003,2024-09-28 06:47:32
27.409,40.2193,3.5669,2024-09-29 09:05:16
30.6077,40.7188,3.0002500000000003,2024-10-06 04:12:58
30.6047,40.7223,3.32405,2024-10-06 11:04:37
30.6923,40.5538,3.2431,2024-10-07 02:06:03
28.8768,40.7802,3.2431,2024-10-08 00:46:39
27.867,39.6305,3.405,2024-10-10 17:09:40
27.0667,39.6655,3.16215,2024-10-11 07:04:44
28.8363,40.4063,3.405,2024-10-14 17:27:29
28.8518,40.4088,3.2431,2024-10-14 17:41:49
30.8727,40.8292,3.16215,2024-10-17 19:14:10
26.0738,39.9862,3.0812,2024-10-19 04:39:05
27.394,40.7752,3.16215,2024-10-21 12:01:00
27.5298,40.6503,3.5669,2024-10-21 17:52:51
26.545,39.6605,4.13355,2024-10-23 10:35:26
27.0518,40.3555,3.5669,2024-10-23 18:53:31
27.5163,40.7438,3.405,2024-10-24 20:50:29
30.5872,40.7273,3.0002500000000003,2024-10-25 16:32:35
30.5372,40.693,4.0526,2024-10-25 19:21:46
30.5335,40.703,3.2431,2024-10-25 19:37:32
30.5315,40.692,3.0812,2024-10-25 20:04:36
30.5432,40.6847,3.16215,2024-10-26 15:48:22
27.7695,40.092,3.0812,2024-10-28 07:36:08
29.1807,40.4882,3.0812,2024-10-28 11:45:21
27.7507,40.2102,3.32405,2024-10-29 17:24:08
30.6177,40.711,3.405,2024-10-30 04:03:45
28.857,40.3977,3.16215,2024-10-30 04:27:34
30.82,40.5993,3.0002500000000003,2024-11-01 17:19:18
29.2002,40.4738,3.32405,2024-11-04 10:41:22
28.8472,40.4007,3.97165,2024-11-05 12:00:00
27.0032,40.2927,3.0002500000000003,2024-11-13 18:17:34
29.2863,40.0192,3.5669,2024-11-16 14:45:24
27.002,40.2903,4.5383,2024-11-19 07:46:15
27.4483,40.3878,3.0812,2024-11-19 11:08:39
28.314,39.7418,3.0812,2024-11-20 01:59:46
28.9553,40.7798,3.0002500000000003,2024-11-20 02:04:32
28.8503,40.4047,3.0002500000000003,2024-11-22 11:51:08
29.4055,40.3228,3.16215,2024-11-23 06:16:33
26.9945,40.2918,3.405,2024-11-24 18:25:03
26.0892,39.9288,3.0812,2024-11-25 11:35:26
27.6982,40.777,3.64785,2024-11-27 01:50:07
27.7082,40.7862,3.4859500000000003,2024-11-27 03:14:52
27.7222,40.7965,3.0812,2024-11-27 04:38:54
26.9957,40.2803,3.405,2024-11-28 00:11:58
28.9682,40.1945,3.64785,2024-11-30 21:53:06
28.8345,40.405,3.0002500000000003,2024-11-30 22:23:59
27.7622,40.7973,3.16215,2024-12-01 07:03:00
28.2583,40.8688,3.16215,2024-12-01 08:40:40
28.8595,40.3978,3.32405,2024-12-01 20:28:54
27.7077,40.7837,3.2431,2024-12-01 21:29:57
27.8092,39.6632,3.32405,2024-12-03 06:39:07
28.663,40.3913,4.295450000000001,2024-12-03 11:13:00
26.4295,40.4802,3.16215,2024-12-05 02:58:33
26.358,39.6812,3.16215,2024-12-05 12:09:59
26.9998,40.293,3.97165,2024-12-05 18:15:39
26.9977,40.2838,3.2431,2024-12-05 23:25:23
27.0022,40.2883,3.7288,2024-12-06 14:50:36
27.6598,40.1188,3.2431,2024-12-09 15:46:52
26.225,40.4343,5.1049500000000005,2024-12-12 11:34:52
25.6162,39.7138,3.16215,2024-12-15 05:05:53
27.4472,40.7555,3.0812,2024-12-16 00:10:59
27.6587,40.6872,3.0002500000000003,2024-12-16 13:21:59
30.4865,40.6297,3.0812,2024-12-18 23:22:46
28.841,40.4147,3.0812,2024-12-19 15:51:43
29.26,40.7058,3.2431,2024-12-19 17:57:22
28.8175,40.4,3.2431,2024-12-19 22:29:33
28.8293,40.4022,3.2431,2024-12-20 00:07:03
28.4548,40.3997,3.0002500000000003,2024-12-20 01:39:50
27.7977,40.047,3.0002500000000003,2024-12-21 07:11:48
27.4022,40.7347,3.32405,2024-12-21 16:04:26
28.7308,40.9657,3.4859500000000003,2024-12-21 17:31:27
27.9502,40.8407,3.7,2024-12-22 12:08:13
29.2072,40.4498,3.16215,2024-12-24 23:11:40
27.7993,40.783,3.2431,2024-12-25 06:06:54
26.4208,39.6138,3.16215,2024-12-28 07:57:04
27.02,40.3048,3.32405,2024-12-29 03:48:38
27.0225,40.3132,3.0002500000000003,2024-12-29 04:24:03
28.7898,40.023,3.0812,2024-12-30 07:25:18
27.4372,40.1077,3.405,2024-12-31 11:04:15
26.9887,40.2767,3.0002500000000003,2025-01-01 17:57:46
27.2242,40.3462,3.0002500000000003,2025-01-01 20:56:30
28.852,40.4123,3.32405,2025-01-02 04:16:08
28.0397,40.8345,3.8907,2025-01-05 09:39:19
27.5182,40.7883,4.13355,2025-01-05 15:00:04
27.5355,40.1963,3.0812,2025-01-06 22:59:46
28.9833,40.7758,3.0002500000000003,2025-01-09 11:31:54
28.4472,40.813,4.13355,2025-01-10 09:24:55
28.4393,40.8115,3.405,2025-01-10 15:52:04
28.4258,40.8138,3.4859500000000003,2025-01-10 18:59:06
28.4638,40.8222,3.405,2025-01-11 03:27:22
28.4752,40.8187,3.32405,2025-01-11 03:46:20
29.2712,40.6793,3.405,2025-01-14 13:35:26
29.264,40.6658,3.32405,2025-01-14 19:09:04
28.9723,40.2022,3.0002500000000003,2025-01-16 04:44:21
25.6297,39.9253,3.0002500000000003,2025-01-19 17:56:30
27.8045,39.8032,3.0812,2025-01-22 17:53:59
27.0102,40.2933,3.32405,2025-01-23 13:54:55
27.4313,40.7728,3.0002500000000003,2025-01-24 21:24:05
27.632,40.0597,3.0812,2025-01-26 13:09:58
28.7977,40.4497,3.0002500000000003,2025-01-27 06:51:02
28.9612,40.1878,4.5383,2025-01-27 10:43:46
28.8372,40.5668,3.0002500000000003,2025-01-27 23:48:54
28.9938,40.2263,3.2431,2025-01-28 12:05:44
27.5432,40.487,3.4859500000000003,2025-01-28 13:50:32
28.9773,40.1895,3.16215,2025-01-28 17:52:21
28.982,40.1993,3.4859500000000003,2025-01-29 20:57:21
28.8325,39.9433,3.5669,2025-01-30 20:55:32
30.0882,41.2138,3.80975,2025-01-31 07:17:48
26.3527,39.694,3.405,2025-02-02 06:21:25
26.8932,39.96,3.2431,2025-02-02 22:55:29
27.1437,40.5208,3.0002500000000003,2025-02-03 18:53:21
28.9765,40.2053,3.16215,2025-02-07 07:12:25
27.9293,40.5887,3.0002500000000003,2025-02-07 13:24:48
27.6365,40.5927,3.6,2025-02-09 17:18:10
30.0295,40.0638,3.405,2025-02-13 02:29:51
29.423,40.2942,3.0002500000000003,2025-02-15 21:52:04
28.5302,40.6738,3.32405,2025-02-17 11:30:38
28.51,40.6848,3.0002500000000003,2025-02-17 12:09:26
28.5197,40.6968,3.16215,2025-02-17 12:10:43
26.841,40.9343,3.0002500000000003,2025-02-19 06:20:06
28.5232,40.6948,3.0812,2025-02-19 15:37:44
27.5417,40.43,3.16215,2025-02-20 18:36:29
28.9498,40.545,3.64785,2025-02-22 17:33:01
27.1992,40.5322,3.64785,2025-02-24 10:21:56
27.5432,40.487,3.8907,2025-02-27 11:27:54
27.3345,40.1627,3.32405,2025-02-28 17:08:22
28.9593,40.6098,3.4859500000000003,2025-02-28 23:18:13
27.62,40.3003,3.0002500000000003,2025-03-05 20:47:19
27.4522,40.3652,3.0812,2025-03-06 00:41:33
26.8982,39.963,3.405,2025-03-08 05:52:31
27.8985,39.7852,3.4859500000000003,2025-03-08 08:56:49
27.8882,39.7927,3.32405,2025-03-08 09:06:54
27.8958,39.7873,3.405,2025-03-08 09:09:32
27.8847,39.7887,3.7288,2025-03-08 18:28:26
29.2018,40.4747,3.16215,2025-03-09 17:59:13
29.0542,40.3833,3.4859500000000003,2025-03-10 22:39:12
27.7677,40.3463,3.97165,2025-03-11 00:26:29
29.0042,40.7345,3.5669,2025-03-13 05:24:05
29.0253,40.733,3.0002500000000003,2025-03-13 05:34:48
28.831,40.4037,3.16215,2025-03-14 05:19:37
27.318,40.1815,3.0812,2025-03-14 21:05:14
27.2543,39.9287,3.405,2025-03-14 22:56:05
27.0278,40.2335,3.4859500000000003,2025-03-17 03:28:18
27.4597,40.792,3.0812,2025-03-17 13:15:09
28.0235,40.4203,3.2431,2025-03-17 21:53:24
28.8233,39.9417,4.3764,2025-03-19 04:35:26
29.0135,40.7362,3.0002500000000003,2025-03-20 04:08:12
28.8173,40.4173,3.0002500000000003,2025-03-20 06:02:54
28.7998,39.9402,3.16215,2025-03-22 11:57:57
26.3533,40.4848,3.0812,2025-03-22 13:41:17
27.3947,40.324,3.0002500000000003,2025-03-22 22:30:17
29.2552,40.6992,3.0002500000000003,2025-03-23 23:02:59
27.1703,40.4457,3.405,2025-03-24 03:35:52
27.4275,40.4538,3.7288,2025-03-24 23:26:03
29.481,40.2957,3.16215,2025-03-25 21:56:46
26.1197,40.1345,3.16215,2025-03-27 04:24:38
27.2122,39.9057,3.16215,2025-03-27 07:34:17
27.1787,40.379,3.16215,2025-03-28 00:07:11
28.9748,40.1932,3.16215,2025-03-29 01:43:21
28.9895,40.4082,3.4859500000000003,2025-03-29 02:24:46
26.3873,39.676,3.0812,2025-03-30 16:38:16
27.3578,40.2917,3.405,2025-04-02 21:31:57
30.1535,40.1587,3.405,2025-04-05 02:41:35
27.3483,40.7358,3.0812,2025-04-07 10:54:32
28.581,40.099,3.6,2025-04-07 17:39:59
28.21,40.8255,3.16215,2025-04-08 07:16:55
27.0297,40.229,3.32405,2025-04-11 07:51:00
26.0948,40.1467,3.0002500000000003,2025-04-12 14:09:00
28.5488,40.1145,4.0526,2025-04-15 03:58:16
26.225,40.4323,4.2145,2025-04-19 04:09:59
26.3637,40.5078,3.0812,2025-04-19 21:40:13
28.7835,40.4188,3.0002500000000003,2025-04-21 13:18:37
28.1475,40.8543,3.32405,2025-04-22 13:08:10
28.0383,40.3792,3.5,2025-04-22 20:24:50
28.2372,40.8362,4.5383,2025-04-23 09:13:05
28.2307,40.8355,6.2,2025-04-23 09:49:09
28.3533,40.8452,5.1049500000000005,2025-04-23 09:51:19
28.2735,40.8547,4.295450000000001,2025-04-23 09:52:19
28.391,40.862,3.8907,2025-04-23 09:55:03
28.3912,40.8668,3.8907,2025-04-23 09:55:49
28.4303,40.8937,3.80975,2025-04-23 09:56:14
28.424,40.8542,3.64785,2025-04-23 09:57:56
28.3342,40.8393,4.619249999999999,2025-04-23 09:59:29
28.3528,40.8327,4.8621,2025-04-23 10:01:02
28.44,40.8523,5.023999999999999,2025-04-23 10:02:10
28.401,40.8557,5.5097000000000005,2025-04-23 10:02:32
28.265,40.8142,3.97165,2025-04-23 10:05:43
28.4203,40.8535,3.7,2025-04-23 10:07:00
28.2418,40.8272,3.97165,2025-04-23 10:07:29
28.3167,40.8365,3.32405,2025-04-23 10:09:22
28.4722,40.8645,3.405,2025-04-23 10:10:06
28.387,40.8642,3.2431,2025-04-23 10:11:07
28.4235,40.8857,3.4859500000000003,2025-04-23 10:12:34
28.4167,40.8717,3.8907,2025-04-23 10:13:56
28.2458,40.8355,3.8907,2025-04-23 10:15:17
28.3858,40.8628,4.2145,2025-04-23 10:15:58
28.4237,40.8683,4.45735,2025-04-23 10:16:23
28.294,40.8195,3.405,2025-04-23 10:18:51
28.4715,40.8765,3.0002500000000003,2025-04-23 10:19:32
28.3437,40.851,3.32405,2025-04-23 10:20:26
28.3042,40.8318,3.4859500000000003,2025-04-23 10:22:30
28.3168,40.8502,3.405,2025-04-23 10:24:10
28.2628,40.8568,3.97165,2025-04-23 10:26:05
28.2978,40.8542,3.7288,2025-04-23 10:26:33
28.2607,40.8625,3.0812,2025-04-23 10:27:18
28.4062,40.8508,3.80975,2025-04-23 10:28:17
28.4128,40.8562,3.8907,2025-04-23 10:29:34
28.2668,40.8377,3.80975,2025-04-23 10:30:00
28.2718,40.8213,3.3,2025-04-23 10:31:15
28.3547,40.8408,4.0526,2025-04-23 10:31:56
28.388,40.8532,4.3764,2025-04-23 10:32:15
28.4117,40.8513,3.97165,2025-04-23 10:33:14
28.4068,40.8635,3.16215,2025-04-23 10:35:33
28.4093,40.8533,3.0002500000000003,2025-04-23 10:36:19
28.4262,40.868,3.2431,2025-04-23 10:37:15
28.3755,40.8552,3.405,2025-04-23 10:38:15
28.2953,40.8015,3.2,2025-04-23 10:39:03
28.3872,40.8575,3.64785,2025-04-23 10:39:30
28.2595,40.8235,3.4859500000000003,2025-04-23 10:40:05
28.4228,40.8547,4.0526,2025-04-23 10:41:19
28.2695,40.8417,3.80975,2025-04-23 10:42:34
28.385,40.8535,3.4859500000000003,2025-04-23 10:43:54
28.2965,40.8373,3.4859500000000003,2025-04-23 10:45:34
28.2572,40.8605,4.619249999999999,2025-04-23 10:46:13
28.3615,40.8293,4.0526,2025-04-23 10:47:05
28.4192,40.8535,3.4859500000000003,2025-04-23 10:48:47
28.388,40.8138,3.0002500000000003,2025-04-23 10:50:12
28.3837,40.8558,3.2431,2025-04-23 10:52:31
28.329,40.8402,3.64785,2025-04-23 10:53:53
28.385,40.8512,3.16215,2025-04-23 10:55:35
28.3972,40.8598,4.0526,2025-04-23 10:57:20
28.3845,40.8403,3.7288,2025-04-23 11:00:28
28.3163,40.8463,3.0812,2025-04-23 11:03:52
28.431,40.8462,3.16215,2025-04-23 11:07:05
28.4023,40.8825,3.2431,2025-04-23 11:07:44
28.3943,40.8465,3.16215,2025-04-23 11:07:57
28.3835,40.859,3.16215,2025-04-23 11:09:02
28.3522,40.8513,3.16215,2025-04-23 11:10:56
28.4148,40.8413,4.0526,2025-04-23 11:12:54
28.3913,40.8675,3.32405,2025-04-23 11:14:05
28.3022,40.8177,3.2431,2025-04-23 11:14:22
28.4543,40.8763,3.0002500000000003,2025-04-23 11:15:03
28.4135,40.8733,3.32405,2025-04-23 11:17:53
28.3915,40.8478,3.32405,2025-04-23 11:18:14
28.4652,40.8863,3.2431,2025-04-23 11:20:17
28.3922,40.8588,4.5383,2025-04-23 11:21:39
28.3065,40.8503,4.45735,2025-04-23 11:23:32
28.3843,40.8813,3.32405,2025-04-23 11:25:46
28.4052,40.8623,3.2431,2025-04-23 11:26:24
28.3092,40.836,3.4859500000000003,2025-04-23 11:28:17
28.3537,40.8482,3.5669,2025-04-23 11:29:58
28.2993,40.8512,3.64785,2025-04-23 11:32:37
28.4003,40.8655,3.97165,2025-04-23 11:33:58
28.3305,40.8508,4.0526,2025-04-23 11:34:14
28.398,40.8837,3.0812,2025-04-23 11:35:05
28.282,40.8373,3.7288,2025-04-23 11:37:19
28.3648,40.8562,3.80975,2025-04-23 11:38:46
28.3498,40.8488,4.2145,2025-04-23 11:39:39
28.422,40.8675,3.2431,2025-04-23 11:43:06
28.3678,40.8727,3.2431,2025-04-23 11:45:20
28.4065,40.8518,3.32405,2025-04-23 11:46:20
28.3155,40.857,3.5669,2025-04-23 11:47:17
28.3265,40.8215,4.78115,2025-04-23 11:50:35
28.2328,40.8392,3.2431,2025-04-23 11:53:43
28.3837,40.8405,3.0002500000000003,2025-04-23 11:55:20
28.0345,40.829,3.2431,2025-04-23 11:57:35
28.4022,40.8395,3.2431,2025-04-23 11:58:25
28.0717,40.8368,3.405,2025-04-23 11:59:21
28.4672,40.8582,3.0812,2025-04-23 12:01:02
28.3782,40.8515,4.295450000000001,2025-04-23 12:03:45
28.3983,40.8515,3.16215,2025-04-23 12:09:40
28.4062,40.8535,4.295450000000001,2025-04-23 12:12:06
28.3365,40.8292,5.42875,2025-04-23 12:12:57
28.343,40.8317,3.7288,2025-04-23 12:14:49
28.369,40.8465,3.7288,2025-04-23 12:17:20
28.4047,40.8677,3.0002500000000003,2025-04-23 12:19:07
28.448,40.8585,3.0002500000000003,2025-04-23 12:21:15
28.349,40.8653,3.0812,2025-04-23 12:26:29
28.3003,40.8373,3.0812,2025-04-23 12:27:01
28.4595,40.8523,3.5669,2025-04-23 12:30:46
28.361,40.85,3.80975,2025-04-23 12:32:58
28.2048,40.8297,3.97165,2025-04-23 12:33:53
28.2742,40.8285,3.97165,2025-04-23 12:34:22
28.276,40.8395,3.97165,2025-04-23 12:35:34
28.3378,40.8437,3.80975,2025-04-23 12:36:03
28.2797,40.8643,3.5669,2025-04-23 12:36:38
28.419,40.8528,3.64785,2025-04-23 12:37:27
28.4022,40.8543,3.64785,2025-04-23 12:40:06
28.3155,40.86,3.2431,2025-04-23 12:42:28
28.4275,40.8495,3.8907,2025-04-23 12:44:01
28.295,40.8503,3.5669,2025-04-23 12:45:05
28.3975,40.861,3.16215,2025-04-23 12:49:09
28.2622,40.814,3.0002500000000003,2025-04-23 12:53:00
28.4617,40.8525,3.16215,2025-04-23 13:00:08
28.4017,40.866,3.16215,2025-04-23 13:02:24
28.3977,40.8742,3.2431,2025-04-23 13:03:55
28.4045,40.8613,3.7288,2025-04-23 13:07:30
28.3922,40.8458,3.5669,2025-04-23 13:08:38
28.2812,40.8543,3.4859500000000003,2025-04-23 13:09:50
28.3627,40.8425,3.0002500000000003,2025-04-23 13:13:31
28.3588,40.8492,3.0812,2025-04-23 13:14:24
28.3333,40.8467,3.0812,2025-04-23 13:16:09
28.2942,40.8187,3.0002500000000003,2025-04-23 13:20:00
28.247,40.7868,3.7288,2025-04-23 13:25:17
28.3705,40.857,3.8907,2025-04-23 13:29:13
28.3565,40.8497,3.32405,2025-04-23 13:32:08
28.4405,40.8293,3.5669,2025-04-23 13:45:39
28.4058,40.8473,3.0002500000000003,2025-04-23 13:51:20
28.3072,40.8447,3.405,2025-04-23 13:55:25
28.0738,40.8158,3.8907,2025-04-23 13:59:57
28.323,40.8705,3.0002500000000003,2025-04-23 14:01:04
28.3077,40.8393,3.405,2025-04-23 14:03:07
28.4035,40.8593,3.7288,2025-04-23 14:04:57
28.3615,40.8465,3.97165,2025-04-23 14:06:43
28.2733,40.8635,3.2431,2025-04-23 14:11:53
28.42,40.857,3.32405,2025-04-23 14:13:00
28.4127,40.8605,3.0812,2025-04-23 14:15:01
28.2565,40.8423,3.2431,2025-04-23 14:24:39
28.3757,40.8655,3.16215,2025-04-23 14:27:38
28.2653,40.8513,3.4859500000000003,2025-04-23 14:30:37
28.3982,40.862,3.2431,2025-04-23 14:36:59
28.3597,40.8333,4.3764,2025-04-23 14:43:31
28.43,40.8425,3.0812,2025-04-23 14:45:59
28.4077,40.8505,3.8907,2025-04-23 14:47:55
28.3182,40.8452,4.3764,2025-04-23 14:55:43
28.1413,40.8118,3.2431,2025-04-23 14:58:50
28.3713,40.8515,3.16215,2025-04-23 15:05:49
28.318,40.8518,3.2431,2025-04-23 15:17:34
28.3392,40.8588,3.16215,2025-04-23 15:22:22
28.3202,40.8415,3.64785,2025-04-23 15:37:15
28.402,40.8305,3.64785,2025-04-23 15:40:38
28.287,40.8272,3.0002500000000003,2025-04-23 15:59:50
28.4148,40.8622,3.0002500000000003,2025-04-23 16:02:27
28.3933,40.8428,3.1,2025-04-23 16:03:30
28.2555,40.8097,3.4859500000000003,2025-04-23 16:05:03
28.3992,40.844,4.295450000000001,2025-04-23 16:05:47
28.3653,40.8333,4.295450000000001,2025-04-23 16:07:22
28.3432,40.8332,3.0002500000000003,2025-04-23 16:09:24
28.4012,40.8443,4.0526,2025-04-23 16:12:24
28.4145,40.8538,3.0002500000000003,2025-04-23 16:14:09
28.1845,40.8338,3.0002500000000003,2025-04-23 16:23:05
28.4047,40.8422,4.13355,2025-04-23 16:27:22
28.3992,40.8577,3.2431,2025-04-23 16:30:12
28.3582,40.8485,3.405,2025-04-23 16:32:32
28.3038,40.8272,3.4859500000000003,2025-04-23 16:40:00
28.3973,40.8865,3.0812,2025-04-23 16:41:37
28.4743,40.8962,3.2431,2025-04-23 16:42:44
28.411,40.8778,3.405,2025-04-23 16:43:23
28.3692,40.8423,3.4859500000000003,2025-04-23 16:46:48
28.4265,40.8505,3.0812,2025-04-23 16:51:11
28.4033,40.8647,3.32405,2025-04-23 17:05:00
28.2895,40.8563,3.5669,2025-04-23 17:06:46
28.1315,40.8165,3.16215,2025-04-23 17:07:21
28.2847,40.8325,4.2145,2025-04-23 17:17:51
28.43,40.8682,3.16215,2025-04-23 17:18:56
28.369,40.851,3.80975,2025-04-23 17:25:54
28.287,40.8393,3.0812,2025-04-23 17:29:23
28.4147,40.8588,3.0002500000000003,2025-04-23 17:48:51
28.323,40.856,3.32405,2025-04-23 18:14:13
28.1597,40.8303,3.2,2025-04-23 18:32:15
28.3997,40.8592,3.0812,2025-04-23 18:39:22
28.2163,40.8287,4.3764,2025-04-23 18:46:28
28.2978,40.8465,3.32405,2025-04-23 19:07:48
28.4098,40.8622,3.16215,2025-04-23 19:18:12
28.3602,40.8282,3.7288,2025-04-23 19:25:47
28.4082,40.8567,3.7288,2025-04-23 19:26:10
28.4113,40.8573,3.405,2025-04-23 19:28:05
28.1787,40.8078,3.0002500000000003,2025-04-23 19:33:17
28.3837,40.8557,3.2431,2025-04-23 19:37:38
28.5358,40.8255,3.16215,2025-04-23 19:39:13
28.7578,40.8468,3.16215,2025-04-23 19:48:30
28.3165,40.8368,3.405,2025-04-23 19:58:07
28.4352,40.851,3.32405,2025-04-23 19:59:19
28.4567,40.8507,3.0812,2025-04-23 20:01:30
28.3627,40.8478,3.0812,2025-04-23 20:04:35
28.3978,40.84,3.0002500000000003,2025-04-23 20:06:01
28.2923,40.844,4.2145,2025-04-23 20:28:30
28.365,40.8683,3.0812,2025-04-23 20:32:35
28.3082,40.8353,4.5383,2025-04-23 21:00:15
28.2802,40.8438,3.64785,2025-04-23 21:17:41
28.3133,40.855,3.5669,2025-04-23 21:29:14
28.4113,40.8475,3.32405,2025-04-23 21:38:05
28.428,40.8825,3.0002500000000003,2025-04-23 22:17:32
28.3155,40.8677,3.0002500000000003,2025-04-23 22:18:40
28.3993,40.8752,3.0002500000000003,2025-04-23 22:20:25
28.3573,40.8547,3.16215,2025-04-23 22:41:07
28.2755,40.8608,3.0002500000000003,2025-04-23 22:52:52
28.3177,40.8535,3.16215,2025-04-23 23:03:55
28.425,40.846,3.0002500000000003,2025-04-23 23:14:31
28.3425,40.8493,3.7288,2025-04-23 23:42:31
28.4835,40.8503,3.64785,2025-04-24 00:17:49
28.4073,40.8575,3.80975,2025-04-24 00:59:52
28.4422,40.8403,3.0812,2025-04-24 01:11:56
28.1297,40.8192,4.5383,2025-04-24 01:20:03
28.1288,40.8738,3.0812,2025-04-24 01:52:36
28.3837,40.8497,3.16215,2025-04-24 02:10:09
28.4195,40.862,3.16215,2025-04-24 02:31:36
28.3005,40.8435,3.0002500000000003,2025-04-24 02:40:02
28.2882,40.8608,3.405,2025-04-24 03:00:47
28.1375,40.822,3.16215,2025-04-24 03:11:12
28.1605,40.839,4.45735,2025-04-24 03:16:05
28.1443,40.8433,3.16215,2025-04-24 03:39:03
28.3707,40.8585,3.2431,2025-04-24 04:01:33
28.4302,40.8652,3.0002500000000003,2025-04-24 04:03:15
28.3857,40.8468,4.2145,2025-04-24 04:08:29
28.3093,40.826,4.8621,2025-04-24 04:19:19
28.3172,40.8432,3.5669,2025-04-24 04:22:18
28.4303,40.8523,3.2431,2025-04-24 04:35:33
28.4193,40.8475,3.16215,2025-04-24 04:45:59
28.1367,40.8315,3.97165,2025-04-24 06:22:08
28.3947,40.8372,3.64785,2025-04-24 07:07:40
28.4205,40.858,3.4859500000000003,2025-04-24 09:03:37
28.4527,40.8492,3.32405,2025-04-24 09:33:59
28.3498,40.8427,3.32405,2025-04-24 10:09:00
28.3102,40.8555,3.16215,2025-04-24 10:31:37
28.4292,40.8663,3.16215,2025-04-24 10:44:59
28.4297,40.858,3.0812,2025-04-24 11:40:30
28.4247,40.86,3.32405,2025-04-24 11:51:10
28.3865,40.8668,3.0812,2025-04-24 12:25:21
28.2755,40.8293,3.405,2025-04-24 14:37:17
28.2688,40.8425,3.16215,2025-04-24 14:42:54
28.316,40.8402,4.5383,2025-04-24 14:52:53
28.2482,40.8408,3.2431,2025-04-24 15:16:15
28.4303,40.8515,3.32405,2025-04-24 16:04:17
28.2883,40.8467,4.2145,2025-04-24 16:24:46
28.325,40.8462,3.32405,2025-04-24 17:42:08
28.2663,40.8395,3.8907,2025-04-24 18:11:51
28.263,40.8553,3.0002500000000003,2025-04-24 18:33:36
28.4333,40.8767,3.405,2025-04-24 18:48:53
28.3837,40.851,4.13355,2025-04-24 18:54:47
28.3767,40.8553,3.97165,2025-04-24 18:56:05
28.4152,40.833,3.16215,2025-04-24 21:21:07
28.2763,40.85,3.0812,2025-04-24 21:23:01
28.4467,40.8663,3.0812,2025-04-24 21:36:01
28.4728,40.8552,3.16215,2025-04-24 21:36:32
28.361,40.8565,3.0002500000000003,2025-04-24 21:39:07
28.4087,40.862,3.7288,2025-04-24 23:55:54
28.3138,40.8362,3.80975,2025-04-24 23:58:35
28.4428,40.8342,3.32405,2025-04-25 00:04:30
28.48,40.8583,3.0812,2025-04-25 00:05:34
28.2935,40.8418,3.5669,2025-04-25 01:00:15
28.385,40.8532,3.405,2025-04-25 01:22:16
28.4653,40.8483,3.16215,2025-04-25 01:50:15
28.4238,40.8607,3.16215,2025-04-25 02:31:41
28.4748,40.8527,3.16215,2025-04-25 03:27:42
28.167,40.8288,3.7288,2025-04-25 04:00:35
28.4657,40.8487,4.3764,2025-04-25 05:39:59
28.4685,40.8487,3.7288,2025-04-25 07:53:10
28.3878,40.8435,3.32405,2025-04-25 08:26:12
28.3365,40.8528,3.32405,2025-04-25 10:19:28
28.3203,40.8632,3.0002500000000003,2025-04-25 11:14:06
28.461,40.8653,4.0526,2025-04-25 11:49:17
28.4738,40.8235,3.0002500000000003,2025-04-25 12:15:41
28.492,40.8585,3.0812,2025-04-25 14:20:11
28.4297,40.8572,3.8907,2025-04-25 14:21:21
28.431,40.8397,3.5669,2025-04-25 14:22:11
28.4567,40.8178,3.16215,2025-04-25 14:26:18
28.4503,40.8557,3.2431,2025-04-25 14:29:27
28.4202,40.8347,3.2431,2025-04-25 15:30:05
28.7203,40.862,4.295450000000001,2025-04-25 15:32:03
28.7213,40.86,3.5669,2025-04-25 15:34:30
28.4462,40.825,3.405,2025-04-25 16:28:45
28.4333,40.8373,4.295450000000001,2025-04-25 17:21:46
28.441,40.8592,3.0002500000000003,2025-04-25 17:26:05
28.4402,40.8532,3.16215,2025-04-25 17:30:28
28.4202,40.8278,5.023999999999999,2025-04-25 17:33:16
28.4172,40.8538,3.16215,2025-04-25 17:38:08
28.4462,40.8557,3.0812,2025-04-25 17:39:18
28.4282,40.8517,3.2431,2025-04-25 17:46:53
28.3603,40.8598,3.0002500000000003,2025-04-25 17:55:46
28.4428,40.8117,3.0002500000000003,2025-04-25 18:03:45
28.411,40.8365,4.45735,2025-04-25 18:06:56
28.3068,40.8153,4.45735,2025-04-25 18:07:11
28.423,40.8487,3.0,2025-04-25 18:08:57
28.4123,40.8535,3.0812,2025-04-25 18:10:49
28.4332,40.8502,3.32405,2025-04-25 18:14:54
28.4108,40.8518,3.405,2025-04-25 19:04:11
28.4368,40.8507,3.32405,2025-04-25 19:10:28
28.4368,40.8498,3.16215,2025-04-25 19:21:38
28.3367,40.8485,3.64785,2025-04-25 19:36:16
28.4205,40.8562,3.32405,2025-04-25 19:46:43
28.4087,40.8472,4.13355,2025-04-25 19:54:38
28.4328,40.8418,4.0526,2025-04-25 19:55:53
28.415,40.8513,3.4859500000000003,2025-04-25 20:02:09
28.4197,40.8602,3.0002500000000003,2025-04-25 20:14:46
28.439,40.8445,3.7288,2025-04-25 20:36:31
28.308,40.8402,3.4859500000000003,2025-04-25 21:15:07
28.2935,40.8463,3.405,2025-04-25 23:53:13
28.4145,40.8637,3.97165,2025-04-26 00:47:13
28.7983,40.427,3.2431,2025-04-26 01:43:48
28.4503,40.8543,3.64785,2025-04-26 02:24:59
28.188,40.825,3.80975,2025-04-26 05:09:45
28.146,40.8563,3.16215,2025-04-26 05:32:51
28.4675,40.8513,3.64785,2025-04-26 07:00:52
28.2777,40.8363,3.0812,2025-04-26 07:59:23
28.4653,40.853,4.0526,2025-04-26 09:32:44
28.3943,40.8353,4.0526,2025-04-26 10:05:39
28.222,40.8428,3.0812,2025-04-26 11:25:13
25.9047,40.366,3.0812,2025-04-26 11:28:37
28.698,40.8625,3.16215,2025-04-26 14:56:00
28.3727,40.8375,3.32405,2025-04-26 14:58:44
28.4248,40.8467,3.0002500000000003,2025-04-26 16:34:43
28.4805,40.8453,3.16215,2025-04-26 16:45:47
28.1943,40.8263,3.5669,2025-04-26 17:19:25
28.2032,40.8268,4.0526,2025-04-26 17:45:06
28.396,40.862,3.0002500000000003,2025-04-26 18:08:27
28.1705,40.8217,3.32405,2025-04-26 18:47:13
28.2635,40.8442,3.2431,2025-04-26 20:16:19
28.3537,40.8558,3.0002500000000003,2025-04-26 21:30:45
28.2942,40.845,3.405,2025-04-26 21:35:34
28.3842,40.8513,3.0002500000000003,2025-04-27 07:55:20
28.273,40.8415,3.4859500000000003,2025-04-27 08:11:53
28.4023,40.8463,4.13355,2025-04-27 09:48:43
28.397,40.8522,3.80975,2025-04-27 09:50:56
28.3805,40.8287,3.4859500000000003,2025-04-27 10:42:33
28.3748,40.8348,4.0526,2025-04-27 10:44:32
26.013,40.6187,3.0812,2025-04-27 10:54:59
28.4077,40.8537,3.16215,2025-04-27 11:45:00
28.392,40.8445,3.4859500000000003,2025-04-27 11:49:09
28.2972,40.8785,3.2431,2025-04-27 14:34:29
28.3925,40.851,3.8907,2025-04-27 15:55:28
28.4037,40.8593,3.405,2025-04-27 16:44:54
28.7403,40.0755,3.405,2025-04-27 18:24:54
28.4598,40.8663,3.2431,2025-04-27 18:27:14
28.3665,40.8502,4.2145,2025-04-27 19:43:39
28.4283,40.8497,3.2431,2025-04-27 20:17:38
27.8708,40.3422,3.2431,2025-04-27 20:32:16
28.2913,40.8458,3.3,2025-04-28 01:24:11
28.2858,40.8212,3.7288,2025-04-28 02:34:33
28.3458,40.8302,3.16215,2025-04-28 06:45:48
28.3323,40.835,3.2431,2025-04-28 06:49:55
28.2683,40.8497,4.2145,2025-04-28 09:58:29
28.496,40.8792,3.0002500000000003,2025-04-28 13:27:52
28.2705,40.8237,3.405,2025-04-28 16:34:52
28.7242,40.8553,3.32405,2025-04-28 18:47:41
28.7088,40.8567,3.5669,2025-04-28 19:03:06
28.2627,40.8358,3.0812,2025-04-28 19:04:58
28.1415,40.83,3.2431,2025-04-28 19:33:48
28.4318,40.8622,3.5669,2025-04-28 20:47:31
28.7103,40.8552,3.32405,2025-04-29 00:47:34
28.1618,40.843,3.0812,2025-04-29 01:31:03
27.681,39.9655,3.0812,2025-04-29 06:28:28
28.4045,40.8673,3.16215,2025-04-29 06:34:38
28.394,40.8723,3.0812,2025-04-29 10:10:18
28.3687,40.8505,3.0002500000000003,2025-04-29 10:20:19
28.2698,40.8417,3.0812,2025-04-29 14:56:22
28.1937,40.8373,3.1,2025-04-29 14:59:27
28.1713,40.8678,3.16215,2025-04-29 15:00:41
28.3355,40.843,3.2431,2025-04-29 20:48:31
28.3193,40.848,3.5669,2025-04-29 22:36:49
28.3108,40.8643,3.97165,2025-04-30 06:07:05
28.6252,40.7285,3.405,2025-04-30 19:48:46
28.623,40.7298,3.5669,2025-04-30 21:04:58
28.4785,40.8495,3.4859500000000003,2025-04-30 21:24:57
28.6263,40.7248,3.8907,2025-04-30 21:34:45
27.9567,40.8185,3.0812,2025-05-01 07:09:08
28.4058,40.844,3.4859500000000003,2025-05-01 16:30:02
28.3913,40.8467,3.16215,2025-05-01 16:33:49
27.9712,40.8045,3.0812,2025-05-01 19:46:44
28.8502,40.8373,3.32405,2025-05-01 21:59:09
28.6315,40.7288,3.0002500000000003,2025-05-01 22:02:12
28.624,40.7145,3.32405,2025-05-01 22:31:25
26.0633,40.4173,3.16215,2025-05-01 23:57:25
28.3512,40.8738,3.32405,2025-05-02 02:13:09
28.2798,40.804,3.0812,2025-05-02 05:36:22
28.2838,40.8422,3.80975,2025-05-02 06:52:57
28.85,40.831,3.4,2025-05-02 08:30:08
28.4447,40.8658,3.0002500000000003,2025-05-02 11:27:43
28.4795,40.8568,3.0812,2025-05-02 11:34:24
27.0222,40.2335,3.0002500000000003,2025-05-02 20:15:51
28.1813,40.8365,3.16215,2025-05-03 02:23:46
28.4372,40.8827,3.0002500000000003,2025-05-03 08:20:24
28.1952,40.8145,4.45735,2025-05-03 08:36:54
28.7233,40.886,3.64785,2025-05-03 10:07:09
28.7515,40.9015,3.4859500000000003,2025-05-03 10:07:33
28.7312,40.8945,3.0812,2025-05-03 10:14:09
28.8265,40.8263,3.16215,2025-05-03 12:29:14
28.3967,40.8702,3.0812,2025-05-03 19:18:11
28.7288,40.8883,3.0812,2025-05-04 00:28:21
28.385,40.8448,3.0812,2025-05-04 01:31:24
27.4598,40.7707,3.0002500000000003,2025-05-04 04:52:25
28.2028,40.8203,3.0812,2025-05-04 05:37:57
28.4473,40.8435,3.32405,2025-05-04 08:30:52
28.465,40.862,3.0002500000000003,2025-05-04 09:10:29
28.3465,40.8408,3.32405,2025-05-04 16:24:46
28.4015,40.8593,3.0812,2025-05-05 03:07:31
27.0253,40.3315,3.0812,2025-05-05 11:20:56
27.407,40.2088,3.2431,2025-05-06 05:16:04
28.3273,40.8263,3.0002500000000003,2025-05-06 06:23:22
28.1593,40.846,3.4859500000000003,2025-05-06 16:57:59
28.1675,40.8277,3.32405,2025-05-06 21:59:10
28.046,40.7837,3.80975,2025-05-07 05:07:28
28.4087,40.8378,3.0812,2025-05-07 07:05:14
28.3113,40.8313,4.13355,2025-05-07 09:22:57
28.7932,40.3608,3.0812,2025-05-07 15:11:51
28.2652,40.8403,3.0812,2025-05-07 16:09:23
28.4013,40.848,3.0812,2025-05-07 20:48:55
28.2915,40.8162,3.4859500000000003,2025-05-08 05:42:04
27.7537,39.6453,3.0812,2025-05-08 05:47:13
27.7313,39.6528,3.0812,2025-05-08 10:10:23
27.7515,39.6558,3.16215,2025-05-08 13:56:20
28.2967,40.8442,3.16215,2025-05-08 18:08:15
28.4102,40.8567,3.0002500000000003,2025-05-09 05:20:27
28.2928,40.8275,3.0812,2025-05-09 21:25:41
28.1778,40.8508,3.0002500000000003,2025-05-09 22:50:59
28.2663,40.8347,3.80975,2025-05-09 23:28:08
28.2662,40.8328,3.16215,2025-05-10 07:54:11
28.88,40.3972,3.7288,2025-05-10 11:44:00
27.4082,40.2042,3.1,2025-05-10 13:26:50
26.3818,40.926,3.405,2025-05-11 15:04:30
28.4305,40.8515,3.0002500000000003,2025-05-11 17:51:24
28.3662,40.8443,3.80975,2025-05-12 06:41:29
27.4265,40.7602,3.0002500000000003,2025-05-12 08:40:32
27.849,39.6515,3.64785,2025-05-12 09:44:37
28.2832,40.819,3.16215,2025-05-12 17:38:53
28.4118,40.847,4.5383,2025-05-13 04:18:15
28.274,40.7998,3.4859500000000003,2025-05-13 09:15:25
28.2878,40.8595,3.0812,2025-05-13 09:37:37
29.1593,40.461,4.0526,2025-05-13 11:49:47
28.2542,40.8272,3.0812,2025-05-13 13:03:43
28.2755,40.8317,3.97165,2025-05-13 13:17:08
28.2508,40.835,3.9,2025-05-13 17:46:31
25.7508,39.6825,4.0526,2025-05-13 17:50:47
28.2565,40.8528,3.16215,2025-05-13 17:53:31
28.1215,40.8232,3.16215,2025-05-13 19:19:38
28.7247,40.8705,3.405,2025-05-14 04:34:34
28.2695,40.8437,3.2431,2025-05-15 16:42:10
28.2692,40.8338,3.0002500000000003,2025-05-15 23:04:18
27.8443,39.6547,3.16215,2025-05-15 23:12:20
28.2898,40.831,3.405,2025-05-16 13:58:15
28.301,40.8407,3.32405,2025-05-17 02:28:09
28.2828,40.825,3.405,2025-05-17 12:29:32
28.2693,40.8508,3.405,2025-05-17 20:33:39
28.3485,40.8425,3.405,2025-05-18 03:28:35
28.3388,40.829,3.0002500000000003,2025-05-19 00:52:26
28.6797,40.8425,3.0002500000000003,2025-05-19 15:57:48
28.4335,40.831,3.4859500000000003,2025-05-20 03:54:12
28.3625,40.8243,4.700200000000001,2025-05-20 20:36:52
28.3843,40.8248,3.2431,2025-05-20 21:56:38
28.2647,40.8267,3.2431,2025-05-23 11:28:42
28.6612,40.81,3.0812,2025-05-23 13:03:55
27.7685,40.8213,3.0002500000000003,2025-05-23 21:00:17
28.1198,40.8232,3.16215,2025-05-24 04:45:13
28.2788,40.8557,3.16215,2025-05-25 22:03:53
28.2808,40.848,3.0002500000000003,2025-05-26 01:31:08
27.7042,40.7795,3.32405,2025-05-27 11:00:58
29.9852,40.748,3.64785,2025-05-27 11:43:20
29.9993,40.7325,3.16215,2025-05-27 11:43:52
29.9827,40.757,3.8907,2025-05-27 12:42:19
27.7075,40.7925,3.405,2025-05-27 13:44:52
27.84,39.6707,3.16215,2025-05-28 22:26:10
28.1985,40.8758,3.0812,2025-05-29 02:29:59
26.4397,39.6257,3.405,2025-05-29 04:27:28
26.4467,39.6217,3.0002500000000003,2025-05-29 04:45:28
27.1965,40.368,3.0812,2025-05-29 14:28:36
30.4555,40.492,3.0812,2025-05-29 23:39:32
27.8482,40.026,3.0002500000000003,2025-06-01 05:56:33
27.8473,40.0388,3.64785,2025-06-01 05:57:54
27.8488,40.031,3.0,2025-06-01 07:15:32
28.2463,40.8098,3.0812,2025-06-03 02:37:22
27.7398,40.0957,3.405,2025-06-03 15:47:21
28.1155,40.8123,3.64785,2025-06-03 15:57:47
28.4387,40.86,3.0002500000000003,2025-06-03 20:58:04
28.9045,40.4215,3.16215,2025-06-04 01:06:11
28.276,40.8265,4.13355,2025-06-04 17:35:40
28.6107,40.7168,3.0002500000000003,2025-06-05 20:29:50
28.178,40.8278,3.0002500000000003,2025-06-05 23:32:07
28.6332,40.7232,3.0812,2025-06-06 08:48:04
28.6155,40.7158,3.16215,2025-06-06 08:48:22
28.2952,40.8165,3.16215,2025-06-07 00:52:12
28.2952,40.8202,3.16215,2025-06-07 02:14:42
28.297,40.8197,3.7288,2025-06-07 18:39:40
28.4245,40.8487,3.0002500000000003,2025-06-08 02:16:10
28.2782,40.8187,3.80975,2025-06-08 02:48:01
28.1275,40.8047,3.0002500000000003,2025-06-08 11:09:26
27.8445,40.0432,3.32405,2025-06-08 22:20:38
27.888,40.3997,4.2145,2025-06-09 17:53:26
29.8075,40.3958,3.0002500000000003,2025-06-10 05:46:28
27.3945,40.7255,3.0812,2025-06-11 00:29:10
27.3547,40.7323,3.0812,2025-06-11 09:14:34
28.3843,40.8348,4.295450000000001,2025-06-11 23:33:41
28.4075,40.8453,3.80975,2025-06-12 01:17:31
28.3765,40.8452,3.0002500000000003,2025-06-12 05:31:13
25.9727,40.7523,3.8907,2025-06-13 00:37:03
27.5247,40.3072,3.32405,2025-06-14 07:48:41
27.8883,39.9237,3.0002500000000003,2025-06-15 17:05:43
28.3992,40.8365,3.0812,2025-06-16 22:43:08
28.1628,40.8142,3.32405,2025-06-17 18:04:02
28.1518,40.818,3.2431,2025-06-18 09:59:25
28.8942,40.4067,3.16215,2025-06-18 15:22:31
28.2597,40.844,3.0002500000000003,2025-06-19 04:51:06
27.8002,40.6438,3.0812,2025-06-20 14:33:45
29.3577,39.8097,3.0812,2025-06-20 17:58:32
28.081,40.7987,3.5669,2025-06-20 19:41:42
28.0902,40.8027,3.0002500000000003,2025-06-20 23:35:44
29.4038,39.806,3.2431,2025-06-22 13:02:43
28.7755,40.8267,3.16215,2025-06-23 15:49:26
28.3922,40.8418,3.16215,2025-06-24 01:57:01
28.7777,40.8092,3.4859500000000003,2025-06-24 12:07:48
28.3957,40.8323,3.2431,2025-06-24 13:50:47
28.4165,40.8465,3.4859500000000003,2025-06-24 18:28:03
28.3953,40.8455,3.2431,2025-06-25 08:24:06
28.8117,39.8062,3.64785,2025-06-25 10:31:47
28.4217,40.8468,3.2431,2025-06-25 20:20:05
28.4145,40.8338,4.0526,2025-06-25 20:25:30
28.2683,40.837,3.0812,2025-06-26 10:10:53
28.0992,40.8065,3.2431,2025-06-27 00:41:10
28.3235,40.823,3.0002500000000003,2025-06-27 04:26:39
25.9927,39.749,3.16215,2025-06-27 12:24:35
28.7702,39.8193,3.0002500000000003,2025-06-28 09:35:30
28.2643,40.814,3.16215,2025-06-29 04:18:18
28.1622,40.8028,3.32405,2025-06-29 17:20:01
27.03,40.2333,3.0812,2025-06-29 17:57:29
28.1308,40.8187,3.0002500000000003,2025-06-29 20:35:39
28.2727,40.8075,3.64785,2025-06-29 21:44:07
28.2885,40.8133,3.0002500000000003,2025-06-30 01:59:22
29.1922,40.4727,4.45735,2025-07-01 08:47:20
29.2,40.4687,4.619249999999999,2025-07-01 09:57:34
29.2152,40.4758,3.64785,2025-07-01 10:00:44
28.2957,40.814,3.0002500000000003,2025-07-01 10:28:52
29.2097,40.4725,3.64785,2025-07-01 22:32:52
29.1937,40.4712,3.8907,2025-07-01 22:58:45
27.4228,40.1622,3.16215,2025-07-02 01:01:17
29.1993,40.4688,4.8621,2025-07-02 10:57:43
29.2037,40.469,3.0002500000000003,2025-07-03 04:55:58
28.0802,40.8255,3.4859500000000003,2025-07-04 13:53:15
28.279,40.8228,3.2431,2025-07-04 16:56:09
29.1957,40.4668,3.16215,2025-07-05 01:59:03
28.1217,40.813,3.16215,2025-07-05 03:35:10
27.5293,41.666,3.16215,2025-07-05 03:51:13
28.2848,40.8075,4.5383,2025-07-05 11:24:21
28.671,40.8437,3.0812,2025-07-05 12:00:32
28.2765,40.8162,3.0002500000000003,2025-07-05 19:11:30
28.2655,40.8063,3.16215,2025-07-06 12:34:55
28.3408,40.826,3.32405,2025-07-06 21:32:08
28.3013,40.8152,3.0002500000000003,2025-07-07 01:27:55
26.086,40.4152,3.16215,2025-07-07 10:04:43
28.1267,40.8148,3.4859500000000003,2025-07-07 17:18:11
28.2978,40.828,3.16215,2025-07-08 04:26:27
28.3057,40.8123,3.0002500000000003,2025-07-08 15:14:58
28.2953,40.8132,3.2431,2025-07-08 18:38:54
28.2983,40.8137,3.8907,2025-07-09 14:11:19
28.596,40.627,3.0812,2025-07-10 10:50:54
28.282,40.8407,3.16215,2025-07-11 17:36:25
28.2595,40.8077,3.0002500000000003,2025-07-12 22:21:11
28.2768,40.8002,3.0812,2025-07-12 23:36:10
27.558,40.4303,3.16215,2025-07-13 13:35:46
27.4017,40.1523,3.405,2025-07-14 02:51:47
28.669,40.75,3.16215,2025-07-14 07:12:58
28.3785,40.8335,3.2,2025-07-15 01:13:46
28.3808,40.8463,3.0002500000000003,2025-07-15 02:13:57
29.2473,40.3115,3.0812,2025-07-15 02:40:16
27.6805,39.982,3.4859500000000003,2025-07-15 04:10:10
29.1858,40.4948,3.0002500000000003,2025-07-15 08:46:55
30.2552,39.9695,3.32405,2025-07-16 05:30:57
28.429,40.8578,3.0812,2025-07-16 16:09:57
27.5427,39.811,3.0002500000000003,2025-07-17 08:05:19
27.0315,40.2323,3.0812,2025-07-17 20:41:51
28.9435,40.5782,3.2431,2025-07-18 06:51:32
28.2998,40.8187,3.0812,2025-07-18 18:16:15
28.7805,40.5983,3.64785,2025-07-22 20:42:56
28.7842,40.5982,3.32405,2025-07-22 21:32:47
30.3933,40.84,3.16215,2025-07-23 09:18:38
29.2133,40.4742,3.0002500000000003,2025-07-27 20:56:07
29.1977,40.4737,3.16215,2025-07-28 08:45:29
28.5578,40.399,3.0812,2025-07-28 11:08:20
28.6965,40.8365,3.0002500000000003,2025-07-28 21:33:22
28.1535,40.4293,3.0002500000000003,2025-07-29 05:24:40
28.1355,40.8275,3.0002500000000003,2025-07-30 00:41:51
25.6208,40.3395,3.2431,2025-07-30 01:00:12
29.0413,40.2083,3.2431,2025-07-30 18:58:33
28.2793,40.8168,4.295450000000001,2025-07-31 10:36:40
28.2812,40.8123,3.5669,2025-08-01 01:33:19
27.512,40.7605,3.0002500000000003,2025-08-01 15:36:04
28.9905,40.3667,3.405,2025-08-03 10:43:07
28.2907,40.8118,3.2431,2025-08-03 22:40:04
28.1415,40.8505,3.4859500000000003,2025-08-04 20:50:54
25.7202,39.6443,3.80975,2025-08-05 02:40:31
25.7475,39.6337,3.0812,2025-08-05 02:43:51
25.7213,39.641,3.16215,2025-08-05 03:36:42
27.5125,40.5008,3.405,2025-08-05 09:30:35
28.2782,40.8557,3.0812,2025-08-05 21:14:46
28.2795,40.82,3.0002500000000003,2025-08-06 05:51:40
26.42,40.4875,3.5669,2025-08-06 06:37:30
28.2775,40.8172,3.2431,2025-08-07 07:07:24
28.3245,40.839,3.16215,2025-08-08 05:26:48
28.1697,40.8365,3.1,2025-08-08 21:15:48
27.5003,39.6277,3.16215,2025-08-10 05:21:58
25.6323,39.9538,3.0002500000000003,2025-08-10 13:23:24
27.1153,40.4133,3.32405,2025-08-13 01:26:02
28.0647,40.3935,3.7288,2025-08-13 02:39:55
27.1298,40.4147,3.2431,2025-08-16 22:13:32
28.374,40.8448,3.4859500000000003,2025-08-16 23:09:42
27.1357,40.4138,3.0002500000000003,2025-08-17 01:17:12
28.2775,40.8288,3.16215,2025-08-17 01:31:41
27.4917,40.4392,3.80975,2025-08-17 14:00:02
28.2848,40.8182,3.80975,2025-08-17 14:14:40
27.1207,40.4143,3.16215,2025-08-18 12:31:25
27.5073,40.7998,3.64785,2025-08-20 07:57:20
28.2852,40.8152,4.2145,2025-08-20 16:57:37
28.8892,40.3862,4.0526,2025-08-25 08:15:59
27.4868,40.744,3.0812,2025-08-25 16:36:51
27.296,40.7677,3.0002500000000003,2025-08-26 01:13:36
27.2547,40.3452,4.0526,2025-08-26 07:18:01
27.263,40.3395,3.7288,2025-08-27 02:48:55
28.4002,40.0687,3.0002500000000003,2025-08-27 08:22:22
28.3403,40.842,3.405,2025-08-28 18:03:42
26.0728,40.036,3.0002500000000003,2025-08-30 14:10:11
28.5187,39.6403,3.0812,2025-08-30 18:06:08
28.9678,40.3845,3.32405,2025-09-01 23:16:21
28.1632,40.83,4.0526,2025-09-05 00:10:08
25.6248,40.5807,3.4859500000000003,2025-09-06 04:08:11
25.6295,40.8123,3.16215,2025-09-06 23:11:00
28.1245,40.8168,3.16215,2025-09-10 02:01:11
28.1307,40.8018,3.0002500000000003,2025-09-10 03:41:07
30.6368,40.7115,3.32405,2025-09-11 10:56:12
27.2628,40.1795,3.0002500000000003,2025-09-14 00:29:16
25.7977,40.0147,3.405,2025-09-16 13:48:04
27.509,40.7857,3.4859500000000003,2025-09-17 10:06:54
28.0012,40.8098,3.16215,2025-09-18 12:24:07
28.4122,40.8615,3.2431,2025-09-18 18:40:36
27.3172,39.9445,3.5669,2025-09-19 09:16:54
26.145,40.4248,3.32405,2025-09-19 20:17:50
27.4807,40.7478,3.16215,2025-09-19 23:05:25
29.4532,40.1595,3.0812,2025-09-21 08:46:19
27.9125,39.9202,3.0002500000000003,2025-09-21 10:21:00
28.5967,40.3348,3.2431,2025-09-23 03:30:53
28.9295,40.395,3.16215,2025-09-23 21:53:05
28.8692,41.126,3.2431,2025-09-24 10:29:21
28.2942,40.8188,3.0002500000000003,2025-09-24 23:39:54
28.888,41.1475,3.32405,2025-09-25 02:12:35
29.2103,40.4485,3.16215,2025-09-26 11:20:16
27.6508,40.3957,4.0526,2025-09-26 23:28:23
27.2592,40.348,3.16215,2025-09-28 09:26:09
27.1587,40.4945,3.0812,2025-09-29 04:25:22
27.9395,40.7913,5.59065,2025-10-02 11:55:03
27.9688,40.7863,4.2,2025-10-02 11:58:29
27.972,40.8273,3.405,2025-10-02 12:02:44
27.9273,40.786,3.2431,2025-10-02 12:03:13
27.956,40.7845,3.0812,2025-10-02 12:04:55
27.961,40.7855,3.4859500000000003,2025-10-02 12:07:33
27.9535,40.7787,3.8907,2025-10-02 12:11:31
27.9528,40.7917,3.16215,2025-10-02 12:14:03
27.9215,40.787,3.32405,2025-10-02 12:21:45
27.877,40.7867,3.0812,2025-10-02 12:23:20
27.9867,40.7718,3.2431,2025-10-02 12:38:22
28.019,40.7873,3.1,2025-10-02 14:05:33
27.9478,40.8028,4.619249999999999,2025-10-02 14:27:14
27.9615,40.7857,3.4859500000000003,2025-10-02 14:39:51
27.9615,40.8223,3.0812,2025-10-02 16:55:40
27.965,40.8173,3.2431,2025-10-02 17:32:00
27.945,40.7817,3.405,2025-10-02 19:10:12
27.9953,40.7872,3.0812,2025-10-02 23:36:29
27.9558,40.7873,3.7288,2025-10-02 23:48:55
27.9305,40.7722,3.0812,2025-10-03 02:24:33
27.9507,40.7915,3.0002500000000003,2025-10-03 14:38:45
28.8335,41.1025,3.16215,2025-10-03 14:57:55
27.9875,40.771,3.0002500000000003,2025-10-03 16:59:21
27.927,40.802,3.0812,2025-10-03 21:44:43
27.9645,40.7865,3.97165,2025-10-03 22:23:32
27.9533,40.7862,3.64785,2025-10-04 04:54:07
27.9377,40.7927,3.0812,2025-10-04 06:11:16
26.4977,40.1258,3.4859500000000003,2025-10-04 11:50:13
27.1705,40.4317,3.7288,2025-10-04 12:31:58
28.779,39.6387,4.0526,2025-10-04 19:06:04
27.729,41.6585,3.0812,2025-10-04 19:25:57
27.9255,40.7858,3.0002500000000003,2025-10-05 02:52:14
27.9827,40.8005,4.295450000000001,2025-10-05 10:43:49
28.8245,39.9358,4.0526,2025-10-06 00:40:56
28.8225,40.144,3.16215,2025-10-07 19:50:47
27.3515,40.7535,3.0812,2025-10-08 18:04:35
28.2785,40.8438,3.0002500000000003,2025-10-08 20:39:00
29.1887,40.6942,3.16215,2025-10-09 02:39:03
27.9957,40.7662,3.0002500000000003,2025-10-09 10:26:35
28.2652,40.8335,4.295450000000001,2025-10-09 10:33:09
27.9602,40.7947,3.0812,2025-10-09 14:16:53
28.2888,40.8388,3.0812,2025-10-09 23:28:30
29.2918,39.8395,3.5669,2025-10-10 00:25:59
27.9108,40.7885,3.2431,2025-10-11 00:07:37
27.5485,40.4807,3.32405,2025-10-11 08:00:31
28.2707,40.854,3.4859500000000003,2025-10-11 22:41:03
27.9243,40.8075,3.0002500000000003,2025-10-12 03:25:28
27.9495,40.7867,3.0002500000000003,2025-10-12 18:26:44
27.5828,40.8192,3.0812,2025-10-13 02:54:32
29.2058,40.6695,3.16215,2025-10-13 09:34:15
29.0155,40.5985,3.0002500000000003,2025-10-16 14:10:37
29.2292,40.6802,3.0002500000000003,2025-10-17 03:53:49
27.5187,40.7457,3.4859500000000003,2025-10-17 21:47:31
29.287,40.8442,3.16215,2025-10-18 00:27:12
27.9407,40.808,3.0002500000000003,2025-10-18 19:07:43
28.8263,40.8482,3.0812,2025-10-18 22:43:21
27.8865,40.8075,3.0002500000000003,2025-10-19 05:49:42
26.051,40.1668,3.0002500000000003,2025-10-20 17:37:37
27.9268,40.803,3.5669,2025-10-21 05:41:58
27.868,39.645,3.32405,2025-10-21 12:20:25
27.8552,39.6575,3.405,2025-10-21 19:47:48
27.9242,40.8005,3.4859500000000003,2025-10-22 02:08:02
29.2917,40.8505,3.32405,2025-10-22 10:13:54
27.395,40.74,3.5669,2025-10-22 10:59:07
28.2405,40.6773,3.16215,2025-10-22 12:18:31
28.4763,40.876,3.2431,2025-10-24 19:49:10
28.4493,40.4228,3.16215,2025-10-24 23:28:12
28.4792,40.8778,3.2431,2025-10-25 16:56:50
27.8968,40.7825,3.0002500000000003,2025-10-25 19:53:00
27.4318,40.784,3.2431,2025-10-26 10:18:33
28.7057,41.4742,4.5383,2025-10-26 16:44:50
29.2977,40.6897,3.32405,2025-10-27 13:46:04
28.3498,40.8408,3.4859500000000003,2025-10-28 21:50:21
28.0045,40.7737,3.7288,2025-10-31 02:04:46
28.352,40.8502,3.16215,2025-10-31 07:29:37
28.002,40.7713,3.4859500000000003,2025-10-31 12:02:18
27.1247,39.6453,3.64785,2025-11-02 08:10:56
29.2337,40.6623,3.0002500000000003,2025-11-03 20:01:12
25.7232,40.6727,3.0812,2025-11-04 10:01:44
27.9933,40.751,3.0002500000000003,2025-11-06 14:13:41
29.2083,40.2572,3.0812,2025-11-07 09:42:07
29.2305,40.2797,3.5669,2025-11-07 15:28:42
28.1385,40.807,3.32405,2025-11-07 19:34:48
29.2263,40.2573,3.0812,2025-11-07 23:26:19
30.6195,40.0355,3.0002500000000003,2025-11-08 00:48:51
28.895,40.6215,3.0812,2025-11-08 17:51:34
27.4337,40.235,3.0002500000000003,2025-11-11 12:40:10
28.114,40.8185,3.64785,2025-11-12 02:48:38
28.0722,40.4172,3.2431,2025-11-12 16:35:04
28.351,40.8453,3.2431,2025-11-12 17:34:49
28.2408,40.8305,4.2145,2025-11-13 08:57:49
28.8258,40.1843,3.64785,2025-11-13 22:49:27
28.6358,40.3482,3.0002500000000003,2025-11-14 05:20:12
29.2187,40.2638,3.32405,2025-11-16 06:26:16
28.8348,40.1825,3.405,2025-11-16 07:25:55
28.8302,40.1872,3.0812,2025-11-16 07:39:15
25.873,39.6033,3.0002500000000003,2025-11-16 14:34:15
25.611,41.072,3.0002500000000003,2025-11-16 18:51:19
26.0033,39.6178,3.0812,2025-11-17 00:10:28
25.9645,39.601,3.4859500000000003,2025-11-17 05:22:08
28.7455,40.844,3.16215,2025-11-18 13:16:29
28.7365,40.8493,3.7288,2025-11-18 16:41:05
27.8712,40.8045,3.64785,2025-11-19 15:51:05
28.3775,40.8113,3.2431,2025-11-20 01:36:02
28.6853,39.8975,3.0812,2025-11-21 14:55:13
28.979,40.4267,3.0812,2025-11-22 12:28:05
30.1538,40.491,3.97165,2025-11-28 22:06:08
27.7872,40.3337,3.0002500000000003,2025-12-02 00:57:59
27.8713,40.6115,3.8907,2025-12-02 03:07:16
29.3228,40.856,3.0812,2025-12-03 20:36:46
28.7293,40.8302,3.0812,2025-12-04 18:34:09
27.1508,40.3825,3.0812,2025-12-04 20:53:37
26.0967,40.4162,3.0812,2025-12-06 17:29:48
26.1755,40.474,3.0002500000000003,2025-12-07 19:17:20
27.5785,39.8365,3.4859500000000003,2025-12-09 02:21:15
28.049,40.417,3.8907,2025-12-09 23:00:10
28.5357,39.7103,3.2431,2025-12-11 02:43:44
27.1558,40.3465,3.2431,2025-12-12 09:39:09
28.8525,40.4232,3.2431,2025-12-13 12:35:19
27.0433,40.2948,3.405,2025-12-14 01:01:41
27.0485,40.2862,3.4859500000000003,2025-12-14 02:29:47
27.0465,40.293,3.5669,2025-12-14 03:59:53
27.5018,40.192,3.32405,2025-12-15 08:31:23
27.464,39.6053,3.0812,2025-12-15 16:16:19
27.046,40.2903,3.8907,2025-12-15 19:55:17
26.4993,40.4768,3.2431,2025-12-16 10:18:13
27.0423,40.2892,3.32405,2025-12-16 10:28:48
27.047,40.2912,3.0002500000000003,2025-12-16 12:40:49
27.0448,40.2913,3.4859500000000003,2025-12-16 18:34:45
27.054,40.2905,3.4859500000000003,2025-12-16 19:56:13
27.0495,40.284,3.5669,2025-12-16 20:29:38
27.0458,40.2855,3.0812,2025-12-17 04:30:37
27.0467,40.2785,3.0812,2025-12-17 21:18:56
27.042,40.2913,3.32405,2025-12-18 12:31:26
27.023,40.19,3.97165,2025-12-18 21:17:32
27.8842,40.8215,3.0812,2025-12-19 00:24:12
27.046,40.2907,3.405,2025-12-19 06:28:37
30.742,40.6608,3.8907,2025-12-20 03:53:35
26.1132,40.4122,3.0002500000000003,2025-12-20 11:19:14
29.2528,40.7035,3.16215,2025-12-22 01:33:32
25.7002,39.8543,3.0812,2025-12-22 04:51:52
29.3095,40.1402,3.16215,2025-12-22 11:32:42
28.0788,40.8042,3.2431,2025-12-26 19:00:51
28.0682,40.8043,3.80975,2025-12-26 23:35:04
27.2337,40.717,3.0002500000000003,2025-12-27 15:19:14
25.9427,40.0542,3.64785,2025-12-28 15:01:02
28.9647,40.1585,3.16215,2025-12-29 17:30:39
27.3528,40.1535,3.0002500000000003,2025-12-30 18:22:44
29.601,40.1288,3.0002500000000003,2025-12-31 13:23:49
29.216,40.2655,3.4859500000000003,2025-12-31 18:18:25
29.2318,40.2632,3.0812,2026-01-01 12:21:27
27.9812,40.779,3.0002500000000003,2026-01-02 19:35:00
25.8632,39.89,3.5669,2026-01-03 02:18:58
26.8692,39.7743,3.0002500000000003,2026-01-03 05:59:23
29.2292,40.2863,3.2431,2026-01-04 07:11:33
25.8518,39.8972,3.32405,2026-01-04 22:48:58
26.854,39.7803,3.2431,2026-01-05 06:01:43
25.7733,40.8102,3.405,2026-01-06 05:09:59
25.7723,40.8187,3.2431,2026-01-06 06:38:34
28.1242,40.826,3.405,2026-01-06 11:19:10
25.8702,39.8917,3.405,2026-01-07 01:58:56
25.7745,39.899,3.0002500000000003,2026-01-07 01:59:38
30.1685,40.4278,3.32405,2026-01-10 17:48:50
25.669,41.1103,3.405,2026-01-11 23:45:04
29.0318,40.7333,3.405,2026-01-14 01:44:10
29.0342,40.728,3.0812,2026-01-14 03:55:10
29.2485,40.7153,3.0812,2026-01-15 18:18:15
27.8303,40.8013,3.0812,2026-01-18 16:53:20
28.287,40.8322,3.0812,2026-01-19 03:54:48
29.1568,40.689,3.2431,2026-01-19 15:03:38
27.7402,40.5777,3.0002500000000003,2026-01-20 18:10:08
29.1613,40.6958,3.2431,2026-01-21 08:34:39
26.3537,40.4582,3.5,2026-01-22 18:35:32
26.253,40.4337,3.16215,2026-01-23 18:39:23
29.1537,40.7032,3.5669,2026-01-25 01:10:38
27.7057,40.0863,3.0812,2026-01-25 11:51:08
27.485,40.5715,3.0812,2026-01-26 20:42:34
28.9273,39.9055,3.405,2026-01-27 20:23:26
29.066,39.9068,3.2431,2026-01-29 06:56:45
28.3305,40.8397,3.405,2026-01-29 19:04:43
28.3398,40.8343,3.16215,2026-01-29 19:06:41
27.3353,40.2672,3.4859500000000003,2026-01-30 02:04:51
29.1532,40.592,3.0002500000000003,2026-01-30 12:36:05
27.9068,40.784,3.0002500000000003,2026-01-30 19:31:46
27.4638,40.7218,3.0002500000000003,2026-01-31 23:12:37
27.359,40.7385,3.64785,2026-02-04 07:01:05
29.3333,40.2167,3.4859500000000003,2026-02-04 07:05:46
28.3163,40.8695,3.405,2026-02-04 12:37:13
28.2927,40.8242,3.16215,2026-02-05 13:12:58
28.1018,39.972,3.7288,2026-02-07 18:42:15
27.7383,40.7813,3.64785,2026-02-09 08:43:33
27.4697,40.7258,3.16215,2026-02-09 12:26:18
28.2937,40.6653,3.0812,2026-02-11 07:10:29
28.7688,40.0528,3.405,2026-02-11 14:25:06
30.2238,40.4703,3.97165,2026-02-12 23:01:49
27.8115,39.8133,3.16215,2026-02-13 11:36:21
30.2662,39.8418,3.0002500000000003,2026-02-13 14:36:19
27.677,40.6548,3.32405,2026-02-14 05:44:13
28.75,40.0347,4.295450000000001,2026-02-14 11:34:52
28.3737,41.2202,3.64785,2026-02-15 21:18:24
28.3957,40.3665,3.7288,2026-02-18 03:44:46
28.9673,39.6265,3.32405,2026-02-18 10:18:21
28.3762,40.3703,3.80975,2026-02-18 19:43:14
28.3887,40.3833,3.32405,2026-02-18 20:09:25
28.6768,40.8385,3.405,2026-02-19 01:46:24
27.4253,40.169,3.405,2026-02-19 20:28:41
27.6085,40.8082,3.0002500000000003,2026-02-20 15:38:06
27.5542,40.4835,3.16215,2026-02-20 22:43:24
28.0135,40.8198,3.16215,2026-02-25 23:25:15
27.9118,40.7745,3.0002500000000003,2026-02-27 02:43:51
29.9137,39.8618,3.80975,2026-03-02 13:46:17
28.2583,39.8087,3.80975,2026-03-03 10:48:35
28.9128,40.3593,3.0002500000000003,2026-03-06 18:51:36
27.933,40.8545,3.16215,2026-03-07 07:05:40
28.4792,40.3388,3.2431,2026-03-07 13:22:20
28.7747,40.0242,3.5669,2026-03-07 19:20:21
27.6305,39.9915,3.0002500000000003,2026-03-07 23:24:46
27.3837,40.3645,3.2431,2026-03-10 08:43:03
28.9402,39.9647,3.0002500000000003,2026-03-10 10:41:13
27.3873,40.3658,3.405,2026-03-10 16:17:24
26.3862,40.3365,3.1,2026-03-11 11:12:17
